Ticker,Company Name,2015,2014,2013,2012,2011,2010,2009,2008
A,Agilent Technologies Inc.,13888.1,13755.8,19068.3,14212.7,12142.5,14293.4,10812.4,5396.4
AA,Alcoa Inc.,12931,19211.1,11384.8,9263.4,9207.2,15729,15707,9011.6
AAL,American Airlines Group,26694.3,37405.6,6592,,,,,
AAP,Advance Auto Parts Inc,11022.9,11639.2,8061.9,5309.3,5069,5421.4,3789.9,3191.8
AAPL,Apple Inc.,586859.3,643120.1,500680.6,499693.3,377546.7,297089,190980.8,75996.9
ABBV,AbbVie Inc.,96842.4,104140.5,83828.5,,,,,
ABC,AmerisourceBergen Corp.,21326.2,19775.8,16206,9927.9,9609.6,9338.7,7399.3,5466.8
ABI,Applied Biosystems Inc.,,,,,,,,
ABK,Ambac Financial Group Inc.,,,,,,,238.7,373.4
ABT,Abbott Laboratories,66993.1,67891.7,59338.6,103271.7,88302.4,74116,83747.6,82853.3
ACAS,American Capital Ltd.,,3899.4,4225.9,3658.9,2214.8,2588.5,685.4,663.2
ACE,ACE Limited,37880.5,37756.5,35178.9,27157.6,23625.3,20850.2,16960.9,17656.5
ACN,Accenture plc,65292.1,56098.2,52373.3,42848.2,34450.9,31064,26245.6,19915
ACS,ACS Inc.,,,,,,,5828.3,4469
ADBE,Adobe Systems Inc.,46857.2,36167.1,29716.1,18618.9,13895.8,15448.4,19223.3,11200.9
ADI,Analog Devices Inc.,17263.2,17301.5,15917.1,12869.7,10656.4,11286.3,9401.1,5539.2
ADM,Archer-Daniels-Midland Co.,21888.4,33124,28600.6,18038.1,18933.2,19161,20132.3,18505.7
ADP,"ADP, LLC.",39073.5,39775.8,38897.1,27594,26416.3,22871.6,21534.2,19827.4
ADS,Alliance Data Systems Corp.,16908.9,18253.4,13554,7180.5,5174.3,3648.9,3371.5,2922.4
ADSK,Autodesk Inc.,13728.9,13633.6,11407.5,7904.3,6851.5,8671.4,5815.9,4447.9
ADT,ADT Corp.,5439.6,6222.1,7416.7,10822.1,,,,
AEE,Ameren Corp.,10489.1,11191.1,8772.4,7452.7,8037.3,6776.9,6635.3,7061.1
AEP,American Electric Power,28599.9,29716.5,22798.7,20728.3,19970.2,17299.4,16631.5,13514
AES,AES Corp.,6439.3,9692,10483.6,7963.6,9059.8,9593.1,8886.8,5461.4
AET,Aetna Inc.,37701.4,31072.7,24843.3,15171.2,14753.8,11728,13656.4,13004.6
AFL,AFLAC Inc.,25561.7,27029,30688.8,24848.8,20172.6,26503,21671.3,21389.6
AGN,"Allergan, Plc",123193.4,68445.3,29262.6,10982.2,7675.2,6497.6,4887.9,2779.4
AGN (Old),Allergan Inc. (Old),,63613.9,33058.2,27548.7,26784.6,20980.4,19182.3,12260.8
AIG,"AIG, Inc.",76657.7,77065.7,74740.4,52114.2,44006.2,40062.8,20044.7,4222.8
AIV,Aimco,6261.7,5438.9,3780.7,3939,2770.2,3039.9,1854.4,1341.9
AIZ,Assurant Inc.,5302.7,4742.2,4767.2,2729.6,3634.8,3929,3438.8,3521.1
AKAM,Akamai Technologies Inc.,9364.9,11225.8,8425.5,7273.1,5729.9,8779.7,4339.4,2555.8
AKS,AK Steel Holding Corp.,,1052.7,1118.3,625.3,910.9,1800.5,2335.6,1028.9
ALL,Allstate Corp.,24047.8,29364.5,24488.5,19241.4,13732.4,16992,16131.5,17559.4
ALLE,Allegion,6322.5,5314.8,4243.5,,,,,
ALTR,Altera Corp.,,11171.8,10330.7,10989.8,11948.2,11367.6,6717,4891.6
ALXN,Alexion Pharmaceuticals,42980.6,36831.3,26171.5,18250.3,13264.6,7369.8,4345,2948.6
AMAT,Applied Materials Inc.,21454.3,30626.7,21411.7,13728.5,13827.9,18537.7,18725.2,13466.3
AMD,Advanced Micro Devices,,2071.9,2805.8,1711.2,3769.2,5586.9,6495.3,1315.4
AME,Ametek,12748.1,12701.5,12904.5,9144.4,6751.7,6307.8,4125.5,3224.2
AMG,Affiliated Managers Group,8633,11588.3,11473,6793.8,4931.8,5120.2,2852.3,1655.8
AMGN,Amgen Inc.,122450.1,121124.1,86084.8,65193.1,51085.5,51166.8,56287.2,60464.3
AMP,Ameriprise Financial,18529,24216.3,22103.2,12773,11017.3,14197.5,9902.8,5057.7
AMT,American Tower Corp.,41065.1,39213.7,31518,30528.7,23622.5,20587.7,17353,11639.4
AMZN,Amazon.com Inc.,316831.5,144312.8,183044.6,113895,78760.5,81180,59726.9,21947.8
AN,AutoNation Inc.,6599.9,6845.2,6008.3,4798,5006.4,4183.9,3288.6,1747.3
ANF,Abercrombie & Fitch,,1986.2,2514.4,3763,4182.6,5028,3066.3,2021.8
ANR,Alpha Natural Resources,,370.1,1578,2149,4491,7233.1,5226.1,1141.6
ANTM,Anthem Inc.,36403.6,33693.4,27095.6,18563.2,22483.5,21478.1,26218.3,21201.1
AON,Aon plc,25257.9,26552.4,25225.7,17289.1,15200.6,15289.1,10209.9,12429.5
APA,Apache Corporation,16810.3,23595.6,34012.7,30743.8,34793.4,45592.6,34710.2,24945.9
APC,Anadarko Petroleum Corp.,24685.6,41794.5,39953.5,37192.2,38042.9,37790.6,30748.1,17729.1
APD,Air Products & Chemicals,28037.4,30904.7,23660.8,17444.7,17941.5,19547,17197.1,10539.3
APH,Amphenol Corp.,16100.5,16674.9,14108.8,10342.8,7404.1,9265.6,7998.8,4105
APOL,Apollo Group Inc.,,3714.5,3095.4,2348.1,7028.9,5835.4,9373.9,12178.4
ARG,Airgas Inc.,9987,8641.6,8257.8,6989.2,5948.9,5253.1,3912.2,3162.8
ASH,Ashland Inc.,,8383.2,7472.1,6352.4,4458.5,4017.9,2971.5,662.1
ATI,Allegheny Technologies Inc.,,3779.9,3847.4,3260.6,5083.8,5437.5,4390.6,2484.9
ATVI,Activision Blizzard Inc,28304.1,14546.9,12547.1,11805.3,13963.4,14720.5,13892.3,11337.7
AW,Allied Waste Industries Inc.,,,,,,,,
AVB,AvalonBay Communities,25203.2,21575.6,15301,15511.9,12430,9667.9,6694.3,4671.9
AVGO,Avago Technologies,40132.5,25780.2,13202.7,7788.7,7034.9,6915.8,4317.4,
AVP,Avon Products,,4081.8,7471.8,6206.4,7526.1,12482.4,13465.6,10245.2
AVY,Avery Dennison Corp,5708.5,4693,4827.2,3489,3047.8,4462.3,3842.9,3219.6
AXP,American Express Co,68454.3,95179.9,96536.7,63515.4,54905.9,51375.2,48299.8,21518
AYE,Allegheny Energy Inc.,,,,,,4120.1,3981.5,5734.7
AZO,AutoZone Inc,22617.1,19748.4,16110.9,12876.8,12790.8,11937.3,7823.8,8014.6
BA,Boeing Co.,96873,92666.6,102565.8,56827.2,54516.2,47873.4,39330.8,30075.3
BAC,Bank of America Corp.,175242,188139.3,166071.7,125133.5,56355.4,134535.9,130273.1,70647.5
BAX,Baxter International Inc.,20868.7,39750.9,37768.3,36410.6,27756.8,29396.7,35265,33011.1
BBBY,Bed Bath & Beyond,8052.5,14137.2,17098,12643.3,13985,12520.1,10116,6602.2
BBT,BB&T Corp.,29497.5,28027.9,26371.1,20369.1,17547.1,18255.3,17499,15357
BBY,Best Buy Co. Inc.,10435.8,13700.2,13828.4,4008.6,8272.8,13512.6,16495.5,11621.5
BC,Brunswick Corp.,,4751.5,4256.4,2607.4,1609.2,1661.5,1121.8,369.4
BCR,"C. R. Bard, Inc",13997,12478.7,10371.8,7985.1,7228.4,7798.1,7471.9,8374.9
BDK,Black & Decker,,,,,,,3996.4,2512.5
BDX,Becton Dickinson,32472.5,26911,21432.5,15313.5,15960.5,19122.9,18684.1,16481
BEAM,Beam Inc.,,,11137,9781.7,7988.8,9231,6499.6,6196.2
BEN,Franklin Resources,22146.8,34463.8,36422.8,26714.3,20744,24832.5,24041.4,14855.5
BF.B,Brown-Forman Corp.,11597.8,18509.7,16116.7,13510.9,11433.4,10107.8,7868.6,7747.3
BHI,Baker Hughes Inc,20125.4,24334.4,24203.9,18014.9,21255.7,24697.4,12629.8,9909.6
BIG,Big Lots Inc.,,2117.5,1858.2,1629.9,2401.9,2250.8,2374.1,1178.3
BIIB,"Biogen Idec, Inc.",68286.3,79622.4,66071.3,34628.5,26644.8,16128.1,14704.7,13719.6
BJS,BJ Services Co.,,,,,,,5434.1,3433.7
BK,BNY Mellon,45051.5,45366.5,39910.2,29901.7,24084.6,37494.2,33783.1,32536.1
BLK,BlackRock,55842.9,59684.6,53396.4,35392.1,31781.8,36437.4,43840.5,17425.5
BLL,Ball Corp,9914.6,9337,7341.8,6700.4,5724.9,5857.7,4860.8,3898.3
BMC,BMC Software,,,,5701.3,5300.5,8353.2,7294.2,4970.3
BMS,Bemis,,4439.6,4173.8,3453.1,3097.8,3516.6,3208.8,2361.1
BMY,Bristol-Myers Squibb,114761.4,98048.8,87644.4,53382.4,59555.6,45121.9,43278.5,46011.8
BNI,Burlington Northern,,,,,,,33603.7,25679.4
BRCM,Broadcom Corp.,32437,25954.7,17226.7,18896.5,16001.2,23460.3,15595.1,8298.6
BRK.B,Berkshire Hathaway,325485.6,350649.9,277110.3,209574.5,179157.5,187814.1,145221.5,142264.5
BRL,Barr Pharmaceuticals Inc.,,,,,,,,
BSC,Bear Stearns Inc.,,,,,,,,
BSX,Boston Scientific,24805.4,17588.7,15894,7768.2,7738,11512.3,13596.8,11622.7
BTU,Peabody Energy,,2103,5275.1,7147.4,8976.1,17289.7,12125.5,6066.2
BUD,Anheuser-Busch Inc.,,,,,,,,
BWA,BorgWarner Inc,9689.8,12442.3,12743.7,8277.3,6916.7,8127.2,3881.4,2515.1
BXLT,Baxalta,26481.4,,,,,,,
BXP,Boston Properties,19587.1,19704.2,15354.9,16040.9,14751.6,12071.1,9314.7,6665
C,Citigroup Inc.,154162.7,163624.2,157853.9,119822.7,76927.2,137446,94279.6,36570
CA,"CA, Inc.",12530.5,13547.4,14912.7,9907.8,9703.9,12320,11565,9527.8
CAG,ConAgra Foods Inc.,18251.5,15452.3,14167.7,11907.6,10874.5,9833.7,10212.1,7377
CAH,Cardinal Health Inc.,29368.1,26640.9,22915.8,14042.4,14034.8,13385.5,11648.3,12395.4
CAM,Cameron Int'l Corp.,12078.5,9738.9,13181.6,13928.5,12077.7,12373.8,10226.7,4446.3
CAT,Caterpillar Inc.,39568.6,55482.5,57920.6,58698.9,58666.5,59832.2,35603,26870.2
CB,Chubb Corp.,30116.7,24049.4,23993.8,19716,18859.8,17729.4,16328.2,17965
CBE,Cooper Industries,,,,,8572.8,9567.2,7134.4,4878.7
CBG,CBRE Group,11555.5,11404.9,8729.7,6568.6,4991.7,6627.2,4366.4,1133.3
CBH,Commerce Bancorp,,,,,,,,
CBS,CBS Corp.,20440.4,28057.4,37989,23971.5,17668.1,12957.8,9480.9,5493.9
CC,Circuit City Stores Inc.,,,,,,,,
CCE,Coca-Cola Enterprises,11175.1,10579.5,11367.8,8949,7861.6,8324.1,10416.2,5868.2
CCI,Crown Castle Int'l Corp.,28854.5,26274.5,24530.8,21154.8,12743.3,12746.9,11428.2,5071.2
CCL,Carnival Corp.,32149.2,26864.8,23777.5,21859.2,19434.4,27969,19783.1,15182.8
CEG,Constellation Energy Group,,,,,8000.9,6119.5,7068.6,4996.1
CELG,Celgene Corp.,94090,89510.4,69227,32937.9,29574.5,27818.7,25573.3,25380.7
CEPH,Cephalon Inc.,,,,,,4673.6,4676.3,5295.5
CERN,Cerner,20584.5,22135.3,19161.6,13338.6,10385.9,7886.1,6741.5,3085.7
CF,CF Industries Holdings Inc.,9511.8,13173.2,13014.8,12789.1,9484.7,9631.7,4409.2,2379
CFC,Countrywide Financial Corp.,,,,,,,,
CFN,Carefusion,,12129.1,8517.5,6210.4,5679.1,5713.1,5552.2,
CHD,Church & Dwight Co,11129.7,10509.5,9210.6,7434.5,6511.1,4914.6,4264.7,3932.5
CHK,Chesapeake Energy,2992.8,12981.4,18026.1,11041,14696.6,16945.9,16761.8,9820
CHRW,C. H. Robinson Worldwide,8914.9,10968.2,8764,10199.1,11404.9,13315.4,9813.7,9379.1
CI,Cigna Corp.,37694.6,26682.1,24103,15280.4,11992.4,9967.1,9673,4567
CIEN,Ciena Corp.,,2076.5,2481.7,1579.5,1179,1980,997.7,606.2
CINF,Cincinnati Financial,9695.1,8484.6,8536.3,6383.1,4934.5,5133.8,4250.9,4709.3
CIT,CIT Group Inc.,,,,,,,,1713.4
CL,Colgate-Palmolive,59752.9,62735.4,59989.7,48910.5,44348.9,39771.1,40595.7,34366.8
CLF,Cliffs Natural Resources,,1094.2,4013.4,5496.1,8855.1,10567,6036.5,2907
CLX,The Clorox Company,16372.6,13648.3,12045.5,9581.7,8632.4,8708,8554.6,7724
CMA,Comerica Inc.,7392.8,8385.2,8666.7,5712.3,5091.2,7456.8,4470.4,2987.2
CMCSA,Comcast Class A Comm.,137489.8,150547.6,136431,98611.7,64607.1,61000.7,49274.8,48625.9
CME,CME Group Inc.,30643.9,29738.1,26194.3,16814.1,16114.1,21509,22346,13822.7
CMG,Chipotle Mexican Grill,14965.6,21238.3,16533.8,9248.9,10555.1,6608.2,2775.5,1994.9
CMI,Cummins Inc.,15632.4,26109.2,26135.8,20402.3,16741.4,21529,9094,5244.4
CMS,CMS Energy,10025.9,9562.6,7124.5,6438.1,5610.5,4643.1,3568.9,2288.9
CNP,CenterPoint Energy,7899.6,10074.9,9944.2,8239,8558.3,6681,5673.4,4366.5
CNX,Consol Energy Inc.,1809.5,7785.3,8716.7,7321.8,8333,11023.1,9018.1,5160.1
COF,Capital One Financial,38403,45682.4,43872.6,33727.3,19451.2,19450.5,17451.2,12494.4
COG,Cabot Oil & Gas,7321.4,12229.6,16139.5,10446.6,7917,3936.7,4518.3,2687.3
COH,Coach Inc.,9083.2,10355.3,15579,15577.8,17550,16358.3,11469.8,6667.3
COL,Rockwell Collins,12119.5,11193.6,10001.4,7957.7,8122.8,9012.8,8708.1,6180.1
COP,ConocoPhillips,57645.4,85037.2,86612.6,70748.8,93686.8,97435.1,75903.1,76673.3
COST,Costco Co.,70641.2,62440.7,52335.7,43010.3,36238.3,31521.5,25995.3,22745.3
COV,Covidien,,46225.2,30833.9,27263,21692.9,22605.4,23899.5,18234.6
CPB,Campbell Soup,16292.1,13728,13503.4,10920.6,10537.1,11224.3,11458.2,10533.5
CPGX,Columbia Pipeline Group Inc.,7782.3,,,,,,,
CPWR,Compuware,,,2458.8,2317.5,1809.6,2540.8,1626.6,1632.1
CRM,Salesforce.com,52057.6,38586.8,33673.8,24611,13903.8,17545.6,9380,3932.4
CSC,Computer Sciences Corp.,,8749.6,8134.5,6014.1,3678.3,7662.3,8856.7,5323.7
CSCO,Cisco Systems,137840.9,142260,119924.6,104326.7,97195.6,112130.1,137716.9,95437.9
CSRA,CSRA Inc,4918,,,,,,,
CSX,CSX Corp.,25299.8,35925.3,29024.9,20134.2,22095.2,23927.8,19078.9,12680.4
CTAS,Cintas Corp.,9829.8,9199.7,7139.9,5040.1,4516,4062.6,3985.3,3549.3
CTL,CenturyLink Inc.,13812.9,22501.9,18588.8,24475.7,23008.7,14079.4,10833.6,2740.6
CTSH,Cognizant Technology Sol.,36496.3,32090.9,30684.2,22288.1,19492.7,22275.8,13473.5,5267.6
CTX,Centex Corp.,,,,,,,,1324
CTXS,Citrix Systems,11636.8,10257.5,11593,12227.8,11282.6,12826.2,7598.4,4243.9
CVC,Cablevision Systems Corp.,7100.4,5662.7,4800.5,3954.6,3900.7,9989.7,7798.2,5003.7
CVG,Convergys Corp.,,2024.8,2121.8,1737.8,1473.7,1608.1,1323.3,782.7
CVH,Coventry Health Care,,,,6032.9,4287.4,3944.9,3594.7,2206.5
CVS,CVS Health Corp.,108262.4,109793.4,84452.6,59518.9,52932.4,47391.5,44804.1,41301.2
CVX,Chevron Corp.,169308,212067.8,240223.5,211649.6,211893.9,183634.1,154462.6,150291.6
D,Dominion Resources,40268.4,44986.5,37584.9,29836.8,30255.6,24820.3,23313.1,20894.7
DAL,Delta Air Lines,39866.4,40594.4,23389.1,10106.2,6838,10517.5,8921.4,7966.3
DD,DuPont,58368.7,66914.1,60226.3,41967.1,42397.9,45755.4,30431.4,22830.1
DDR,DDR Corp.,,6605.1,5507.8,4921.3,3362.3,3600.8,1862.1,626.7
DDS,Dillard's Inc.,,5156.4,4272.2,4001.6,2219,2275.5,1362.2,291.6
DE,Deere & Co.,25029.2,30459.9,34019,33519.7,31259.1,35106.1,22860.5,16182.8
DELL,"Dell, Inc.",,,,17615.9,26282.9,26155.4,28082.7,19911
DF,Dean Foods,,1823.3,1630.1,3063.7,2058,1611.1,3262.6,2768
DFS,Discover Financial Services,22921.7,29417.3,26422.1,19192.9,12691.9,10093,7986.4,4574.3
DG,Dollar General,20909.5,21453.7,19124.9,14420.5,13909,10474,7639.3,
DGX,Quest Diagnostics,10197.9,9656.6,7709.8,9225.9,9139.8,9213.6,11067.2,9882.3
DHI,D. R. Horton,11837.4,9239.5,7220.4,6354.6,3994.1,3809.1,3455.3,2238.8
DHR,Danaher Corp.,63649.3,60365.6,53893.3,38431.3,32350.8,30960.5,24269.7,18023.5
DIS,The Walt Disney Co.,173715.9,160123,129880,89622,68958.8,70320,60497.8,41289
DISCA,Discovery Com Class A,3988.8,5839.1,31665.1,23189.3,15937.3,17180.4,13065.5,5975.5
DISCK,Discovery Com Class C,6921.4,10500.6,,,,,,
DLPH,Delphi Automotive,24011.9,21206.5,18423.2,12060.2,7070.4,,,
DLTR,Dollar Tree,18130.9,14476,11742.8,9109.1,9606,6919.9,4227.4,3784.2
DNB,Dun & Bradstreet,3755.3,4342.5,4640,3248.2,3569.4,4071.7,4319.7,4114.8
DNR,Denbury Resources Inc.,,2872.8,5956,6084.1,5873.6,7640,3874.2,2703.4
DO,Diamond Offshore Drilling,2894.1,5034.7,7913.9,9448.6,7682.6,9296.7,13682.9,8192.7
DOV,Dover Corp.,9501,11691.2,16402.8,11480.7,10657.5,10900.3,7775.9,6123
DOW,Dow Chemical,57890,53754.2,53851.3,38771.2,33988.9,39626.8,31601.1,13939.8
DPS,Dr Pepper Snapple Group,17604.7,13831.2,9645.6,9069.8,8374.9,7873.6,7191.3,4122.4
DRI,Darden Restaurants,8154.8,7272.8,7136.8,5830.1,5854.5,6376.2,4903.7,3860.3
DTE,DTE Energy Co.,14392.2,15286.7,11756.8,10349.7,9215.5,7678.5,7209.8,5814.9
DTV,DirecTV,,43587,35863.3,29435.9,29560.3,32281.3,31121.8,23464
DUK,Duke Energy,49140.2,59062.8,48721.1,44915.2,29392,23669.5,22527.9,19092.7
DV,"DeVry, Inc.",,3020.2,2234.6,1535.9,2639.7,3408,4041,4097.8
DVA,DaVita Inc.,14709.5,16332.6,13508.1,11660.8,7098.9,6671.2,6053.9,5143.1
DVN,Devon Energy Corp.,13152,25034.9,25119.2,21128.2,25054.2,33877.1,32832.5,29155.5
DYN,Dynegy Inc.,,,,,339.9,679.5,1087.3,1005.8
EA,Electronic Arts,21358.7,14576.2,7088.5,4370.5,6839.2,5470.9,5804.3,5148.8
EBAY,eBay Inc.,32994,69721.6,71001.8,65994,39019.2,36115.3,30537.2,17897.1
ECL,Ecolab Inc.,33776.9,31340.6,31399.3,21190.5,16879,11723.3,10547.4,8301.7
ED,Consolidated Edison,18843.4,19332.7,16190,16266.1,18167.9,14455.4,12771.5,10656
EDS,Electronics Data Systems,,,,,,,,
EFX,Equifax Inc.,13194.7,9655.9,8422.1,6516,4633.3,4364.6,3898.3,3349.5
EIX,Edison Int'l,19291.3,21334.1,15085,14723.4,13488.6,12576.3,11331.7,10465
EK,Eastman Kodak Co.,,,,,,1441.2,1131.8,1766.5
EL,Estee Lauder Cos.,19600.2,28867.6,29220.5,23160.8,21771.8,15923.4,9535.8,6089.6
EMC,EMC Corp.,49789.3,60518.2,51754.9,53298.4,43940.7,47183.1,35635.7,21366.7
EMN,Eastman Chemical,10032.5,11272.6,12300,10472.6,5347.9,5942.1,4360.5,2297.9
EMR,Emerson Electric Co,31307.5,42732.5,49485,38320.7,34256.5,43122.5,32047,27979.6
ENDP,Endo International plc,13852,11100.2,7781.8,2906.1,4045.5,4144.4,2406.4,3017.2
EOG,EOG Resources,38913.8,50481.5,45834.8,32810.4,26501.1,23225.2,24569.1,16620.5
EP,El Paso Corp.,,,,,20518.3,9690.5,6893.6,5469.8
EQ,Embarq Corp.,,,,,,,,5120.7
EQIX,Equinix Inc,18739.7,12454.7,8799.6,10063.4,4732.4,3751.5,4173.3,2007.7
EQR,Equity Residential,29720.1,26067.5,18698,18420.9,16966.9,15075.7,9457,8134.5
EQT,EQT Corporation,7951.9,11475.8,13546.4,8853.4,8189.8,6688,5750.5,4390.6
ES,Eversource Energy,16198.9,16964.9,13366.3,12273.2,6390.1,5625.2,4529.2,3749.4
ESRX,Express Scripts,59113.3,61478.9,54337.7,44177.4,21656,28542.1,23766.1,13615.7
ESS,Essex Property Trust Inc,15809.4,13156.9,5370.3,5344.4,4761.6,3577.9,2413.3,2025.9
ESV,Ensco plc,3624,7015.8,13354.4,13779.6,10836.2,7630.7,5693.4,4025.7
ETFC,E*Trade Financial Corp.,8684.5,7017.8,5643.7,2560.7,2271.5,3533.5,3333.4,648.1
ETN,Eaton Corporation,24084.1,31798.5,36164.6,25502.5,14556.4,17251.6,10573.6,8202.2
ETR,Entergy Corp.,12194.5,15680,11285.5,11335.3,12882.8,12660.6,15477.4,15741.3
EW,Edwards Lifesciences,17036.8,13731.6,7187.6,10306.4,8066.9,9296.6,4933.1,3071.7
EXC,Exelon Corp.,25536.3,31882.6,23481.2,25421.2,28770.3,27559.2,32244.4,36600
EXPD,Expeditors Int'l,8407.2,8549.8,8963,8162.8,8683.7,11577.8,7372.1,7052.3
EXPE,Expedia Inc.,17087.1,10846.4,9033.9,8314.7,3876.5,6873.3,7449.6,2364.7
F,Ford Motor,54919.7,61317.1,60853.2,50793.1,40896,63511.7,33682.7,5487.6
FAST,Fastenal Co.,11825.3,14071.5,14098.8,13834.7,12876.2,8832.6,6139,5176.3
FB,"Facebook, Inc.",237626,218221.9,139193.6,63142.6,,,,
FCX,Freeport-McMoRan Inc.,7825.2,24271,39174.1,32455.8,34876.9,56742.5,34524.7,9385
FDO,Family Dollar Stores,,9028.8,7477.5,7315.1,6766.6,6484.8,3862.7,3642.1
FDX,FedEx Corporation,42071.6,49201.4,44889.2,28842.8,26263.8,29301,26114,19969.5
FE,FirstEnergy Corp,13423.1,16418.8,13806.4,17464.7,18527,11285,14159.6,14808.9
FFIV,F5 Networks,6823.9,9481.6,6909,7633.5,8401.4,10508.1,4190.8,1806.2
FHN,First Horizon,,3180.7,2753.7,2414.1,2059.7,3102.5,2974.5,2169.8
FII,Federated Investors,,3455.2,3018.2,2113,1571.8,2713.1,2830.9,1734.5
FIS,Fidelity Nat. Info. Services,19779.5,17649.3,15628,10206.2,7962.9,8243.3,8730.9,3091.2
FISV,Fiserv Inc,20902.2,17054.1,15158.1,10542.6,8229.5,8602.5,7427.1,5670.1
FITB,Fifth Third Bancorp,15966.1,16794.1,17987.1,13408.7,11699.9,11689.3,7751.9,4769.2
FLIR,FLIR Systems,3877.4,4509.8,4237.5,3254.6,3885.1,4736.6,5002,4337.8
FLR,Fluor Corp.,6686.9,9011.7,12949.8,9537,8491.2,11689.9,8054.3,8146.4
FLS,Flowserve Corporation,5507,8038.1,10812.6,7066.2,5353.9,6564.1,5195,2843.6
FMC,FMC Corporation,5228.7,7603.1,10027.6,8056.4,6008.8,5711,4043.7,3243.4
FNM,Fannie Mae (FNMA),,11861.7,17331.8,,,,6741.8,
FOSL,"Fossil, Inc.",1759.2,5622.4,6561.7,5551.6,4932.6,4558.4,2245.2,1110.6
FOX,Twenty-First Century Fox Inc Class B,21743.7,,,,,,,
FOXA,Twenty-First Century Fox,31797.6,81871.7,79769.6,51675.4,39055.5,33142,31151.8,20634.3
FRE,Freddie Mac (FHLMC),,6695.1,9425.1,,,,953.1,
FRX,Forest Laboratories,,,16348,9412.7,8037.7,9150.1,9709.7,7682.1
FSLR,First Solar Inc,6659.7,4472.9,5437.1,2689.3,2919.2,11171.7,11537.2,11257.1
FTI,FMC Technologies Inc.,6716.5,11044.9,12379,10185,6258.2,10831.8,7225.3,3081.7
FTR,Frontier Communications,4681.5,6666.4,4642.6,4259.1,5118.4,3039,2431.4,2864.5
GAS,AGL Resources Inc.,7672.5,6517.9,5610.4,4707.7,4933,2798.4,2822.7,2407.1
GD,General Dynamics,43423.3,45712.4,33767.7,24499,23671,26400.8,26293.5,22270.7
GE,General Electric,293989.7,253766.2,283589.9,220107.4,189082.2,194874.8,161096.6,170459.4
GENZ,Genzyme Corp.,,,,,,18519.6,13021.8,17966.6
GGP,General Growth Properties,24012.7,24892.6,18287.7,18640.1,14048.3,14580.3,3611.1,346.9
GHC,Graham Holdings,,5008.7,4899.9,2712.8,2860.4,3601.3,4073.8,3654.7
GILD,Gilead Sciences,145833,141295.7,115234.5,55791.3,30824.6,29064.4,38932.3,46528.1
GIS,General Mills Inc.,34462.7,32197.9,31170.6,26135.4,26050.3,22628.5,23334.5,19917
GLW,Corning Inc.,21624.9,29212.8,24930.2,18551.4,19664.7,30158.5,29988.4,14752.4
GM,General Motors,52925.6,55856,61305,39392.6,31717,55295,,1953.5
GMCR,Keurig Green Mountain,13423,21457.5,11236.7,6146.3,6941.4,4652,3557.8,954.2
GME,GameStop Corp.,2934.9,3640.3,5679.7,2965.6,3301,3340.5,3481,3548.8
GNW,Genworth Financial Inc.,,4222,7684.2,3694.2,3215.4,6434.7,5545.6,1226
GOOG,Alphabet Inc. Class C,262196.1,178019,,,,,,
GOOGL,Alphabet Inc. Class A,226656.1,179474.5,376370.3,233421.3,209199.9,190843.2,197012.9,96834.7
GPC,Genuine Parts,12949,16317.3,12792.4,9844.8,9525.8,8093,6032.5,6036.5
GPS,Gap Inc.,9927,17728.3,17429.7,14371.5,8996.8,13018.3,14162.2,9292.7
GR,Goodrich Corp.,,,,,15498.5,11004.6,7991.9,4560.9
GRMN,Garmin Ltd.,7075,10133.6,9014,7970.4,7749.5,6023.2,6148.4,3841
GS,Goldman Sachs Group,76874.6,84421.9,80339.7,59946.1,44519.9,85970.6,86797.6,37312.4
GT,Goodyear Tire & Rubber,8785.2,7699.2,5908.9,3386.8,3465.1,2878.8,3415,1440.5
GWW,"W. W. Grainger, Inc.",12720.4,17187.7,17586.7,14060.3,13096.4,9581.8,6998.6,5895.7
HAL,Halliburton Co.,29131.9,33351.8,43086.8,32227,31783.7,37155.3,27141.2,16271.1
HAR,Harman Int'l Industries,6696.5,7322.8,5544.8,3029.1,2669.6,3225.5,2449.4,981
HAS,Hasbro Inc.,8394.7,6847.7,7209.3,4628.9,4102.1,6483.3,4395.3,4061.3
HBAN,Huntington Bancshares,8811,8536.5,8018.8,5385.6,4745.6,5931,2612.5,2804
HBI,Hanesbrands Inc,11531.3,11184,6988.7,3520,2131.7,2443.7,2300,1192.4
HCA,HCA Inc.,27570.6,30858.9,20973.5,13371.3,9637.6,,,
HCBK,Hudson City Bancorp,,5352.6,4983,4294.4,3297.3,6710.4,7228.8,8359.4
HCN,Welltower Inc,24074.5,24879.5,15511.9,15958.3,10484.8,7007.7,5468.4,4418.5
HCP,HCP Inc.,17783.2,20242.6,16596.8,20466.1,16929.5,13646.3,8965,7042.5
HD,Home Depot,167677.3,138332.3,115953.4,92476.8,64807.5,57457.1,49192.9,39029.4
HES,Hess Corporation,13870,21100.3,27001.1,18087.3,19310.6,25846.1,19797.4,17493.8
HET,Harrah's Entertainment,,,,,,,,
HIG,Hartford Financial Services,17801.7,17988.4,16197.8,9790.8,7243.3,11775.9,8908.8,4935.4
HNZ,H. J. Heinz Company,,,,18530.6,17305,15890.4,13584.5,11838.7
HOG,Harley-Davidson,8708.5,13964.8,15230,11040.5,8961.1,8165.5,5904.7,3950
HON,Honeywell Int'l Inc.,79820.5,78218.4,71695.6,49720.6,42039.6,41474,29911.3,23844
HOT,Starwood Hotels & Res,11687.5,14000.3,15246.3,11077.4,9397.9,11728.7,6830.7,3272.6
HP,Helmerich & Payne,5772,7256.8,9034.1,5950.6,6264.2,5151.1,4214.2,2395.8
HPC,Hercules Inc.,,,,,,,,
HPE,Hewlett Packard Enterprise Co,27333,,,,,,,
HPQ,Hewlett-Packard Co,21388,73601.7,53407.6,27761.1,51108.7,92216.9,121778.3,87683.9
HRB,"H&R Block, Inc.",7859.5,9270.4,7963.3,5057,4793.9,3635.5,7447.3,7715.6
HRL,Hormel Foods Corp.,20895.2,13742.5,11921.6,8260.7,7728.2,6841.2,5133,4172
HRS,Harris Corp.,10811.5,7475,7448.2,5503,4059.2,5697.4,6148.9,5044.4
HSH,Hillshire Brands Co,,,4121.4,3394.9,11107.9,11593.7,8473.1,6915.3
HSIC,Henry Schein Inc,13118.1,11437.8,9783.2,7065,5794.1,5644.1,4767.2,3278.3
HSP,Hospira Inc.,,10437,6852.5,5164,5001.9,9283.5,8338.5,4280.5
HST,Host Hotels & Resorts,11529.7,17965.4,14673.3,11354.5,10414.3,12073,7542.3,3976.5
HSY,The Hershey Company,13941.7,22973.2,21769.3,16161.8,13913.2,10704.5,8160,7887.2
HUM,Humana Inc.,26459.5,22023.5,16093.3,10858.9,14324.6,9213.8,7453.9,6289.5
IACI,IAC/InterActiveCorp,,5115.2,5642.5,3980.5,3532.2,2536.2,2545.4,2264.6
IBM,IBM Corp.,133506.5,158919.7,197772.1,214031.8,213886.1,180220.3,170868.6,112698.3
ICE,Intercontinental Exchange,28122.7,24715.5,25873.9,8980.4,8758.3,8715.9,8226.8,5955.8
IFF,Intl Flavors & Fragrances,9601.1,8187.7,6997.4,5431.5,4241.9,4458.9,3256.5,2337.8
IGT,International Game Tech.,,4265.9,4652.6,3770.6,5115.3,5273.4,5567.2,3504
IHRT,iHeartMedia Inc,,,,,,,,
ILMN,Illumina Inc,28101.5,26511,14124.9,6890,3719.8,8019.4,3665.5,3152.3
INTC,Intel Corp.,162569.6,172304.9,128943.3,101945.3,121250,115896.3,112669.2,81538.9
INTU,Intuit Inc.,25476.4,25899.9,21637.7,17650.2,15502.3,15035.8,9594.9,7637.7
IP,International Paper Co.,15629.2,22510,21394.4,17524.9,12933.7,11921.2,11600,5044.5
IPG,Interpublic Group,9459.8,8594.6,7513.7,4600.9,4373.6,5194.2,3587.4,1887.3
IR,Ingersoll-Rand PLC,14433.4,16879,17414.3,14177.3,9053.9,15453.3,11457.9,5531.1
IRM,Iron Mountain Inc.,5703.2,8111.6,5809.8,5899.7,5301.9,5003.6,4632.7,4993.8
ISRG,Intuitive Surgical Inc.,20407.3,19359.2,14671.9,19712.9,18196.3,10026.5,11682.1,4975.8
ITT,ITT Corp.,,3706.1,3938.2,2174.7,1792.9,9567.4,9087.5,8351.3
ITW,Illinois Tool Works,33688.4,36264,36174.2,27671.7,22589.3,26579.6,24107.1,17494
IVZ,Invesco Ltd.,14190.9,16989.6,15764.8,11516.1,8960.1,10771.7,9849.4,5436.7
JAVA,Sun Microsystems Inc,,,,,,,7046.2,2872.6
JBHT,J. B. Hunt Transport Services Inc.,8407.2,9821.4,9062.7,7017.7,5270.1,4958,4106.1,3311.6
JBL,Jabil Circuit,,4237.5,3543.2,3974.3,3999.2,4228.9,3613.4,1393.1
JCI,Johnson Controls,25585.9,31773.6,34064.6,20988.1,21270.7,25874.7,18298.1,10791
JCP,J.C. Penney,,1975.8,2787.1,4322.4,7588.9,7647.8,6280,4373.4
JEC,Jacobs Engineering Group,5162.8,5786.3,8306.1,5544.3,5209.8,5789.3,4682.9,5918.6
JNJ,Johnson & Johnson,284220.5,291041.6,258341.3,194772.1,178663.7,169351.3,177405.8,165679.9
JNPR,Juniper Networks,10649.5,9289.6,11176.7,10000.2,10744,19397,13850.8,9223.4
JNS,Janus Capital Group,,2986.5,2333,1597.7,1180.2,2387.8,2448.2,1267.9
JNY,Jones Apparel Group Inc.,,,1192.3,876,854.6,1342.7,1371.5,488.7
JOY,Joy Global Inc.,,4563.8,5979.3,6756,7880.4,8981.2,5312.8,2351
JPM,JPMorgan Chase & Co.,243065,233935.9,219837.4,167147.6,126342.2,165827.5,171052.6,117681.2
JWN,Nordstrom,9158.5,15092,11816.2,10539.5,10319.8,9238.8,8181.2,2867
K,Kellogg Co.,25612.3,23296.8,22156.3,20176.7,18068.8,18675.1,20289.4,16744.6
KATE,Kate Spade & Co,,4077.1,3942.6,1451.5,870.3,676.9,534.6,247.3
KBH,KB Home,,1519.4,1723.4,1218.7,518.3,1187.8,1204.8,1057
KEY,KeyCorp,11018.5,11945.7,11953.5,7795,7328.6,7793.4,4875.9,4217.4
KG,King Pharmaceuticals Inc.,,,,,,,3048.4,2617.7
KHC,Kraft Heinz Co,88291.1,36802.2,32143,26953,,,,
KIM,Kimco Realty,10936.2,10353.2,8092.2,7878.3,6608.7,7331.9,5486.9,4955.4
KLAC,KLA-Tencor Corp.,10814.9,11438.6,10737.6,7935.1,8044.9,6461.4,6222.2,3701.1
KMB,Kimberly-Clark,46209.1,42210.9,39778.3,32868.6,29107.7,25651,26567.1,21813.3
KMI,Kinder Morgan,33294.2,89915,37104.4,36590.2,22740.7,,,
KMX,Carmax Inc.,10936.2,14042.9,10496.2,8567.3,6902.9,7189.1,5394.5,1736.8
KO,The Coca Cola Co.,186832.4,184928.4,182421.8,162587.1,158918.1,152720.2,132079.3,104734.6
KORS,Michael Kors Holdings,7373,15097.3,16550.8,10220,5206.1,,,
KR,Kroger Co.,40772.7,31270.3,20081.2,13374.3,13587.4,13863.2,13180.3,17140.1
KSS,Kohl's Corp.,9041.1,12269,11974.3,9541.6,12189.5,15812.9,16556.5,11041
KSU,Kansas City Southern,8149.2,13471.1,13649.7,9193.7,7475,4912.8,3202.9,1742.4
L,Loews Corp.,13606.8,15670.7,18679,15966.1,14931.4,16130,15451.3,12291.3
LB,L Brands Inc.,27733.6,25272.6,17998.4,13600.3,11903.3,9864.3,6214.5,3222.8
LDOS,Leidos Holdings Inc,,3220.5,3719.2,3871.4,4190.9,5741.3,7348.7,4090.8
LEG,Leggett & Platt,5718.8,5871.7,4313,3868,3211.8,3327.5,3035.4,2366.8
LEH,Lehman Brothers Holdings,,,,,,,,
LEN,Lennar Corp.,8756.9,9187.8,8086.5,7407.2,3702.1,3499.4,2361.1,1392
LH,LabCorp,12512.4,9128.3,7830.4,8099,8407.9,9003,7880.7,6969.2
LIFE,Life Technologies,,,13100.4,8395.8,6947.5,10115,9403.9,4043.6
LLL,L-3 Comm's Holdings,9368.1,10354.4,9171.6,6929.1,6599.9,7656.9,10030,8752.8
LLTC,Linear Technology Corp.,10156.5,10896.3,10709.6,7939.4,6853.9,7827,6824.3,4905.4
LLY,Eli Lilly and Co.,93366.6,76815.5,57459.2,57233.5,48116.6,40406.1,41031.6,45785.1
LM,Legg Mason,4226.2,6030.4,5175.3,3316.4,3361.5,5521.6,4902.8,3128.9
LMT,Lockheed Martin Corp.,66729.1,60467,47422.5,29625.1,25968.9,24188.9,28105.6,33043.4
LNC,Lincoln National,12437.9,14982.1,13542.4,7122.9,5858.3,8809.1,7518.4,4820.8
LO,Lorillard Inc.,,22658.4,18498.2,14817.1,15048,12062.8,12515.9,9466.8
LOW,Lowe's Cos.,69584.6,66048,51036.5,39427.2,31496.6,33958.3,34126,31634.4
LRCX,Lam Research,12579.5,12638.4,8830.1,5992,4425.4,6382.1,4996.5,2661.9
LSI,LSI Corporation,,,6098.6,3894.8,3342.5,3685,3945.5,2132.4
LUK,Leucadia National Corp.,6301.1,8260.2,10331,5818.6,5561.8,7100,5784.1,4708.7
LUV,Southwest Airlines,28004.3,28591.1,13196.9,7478.5,6613.1,9701.7,8490.1,6378.7
LVLT,Level 3 Comm's,19366.7,16856.4,7784.6,5046.8,3532.4,1637.1,2515.5,
LXK,Lexmark Int'l Inc,,2529.9,2202.2,1481.8,2361.2,2736.9,2029,2090.1
LYB,LyondellBasell,39056.7,38660.5,44059.6,32839.1,18497.9,19420.6,,
M,Macy's Inc.,10996.6,22702.6,19676.9,15423.7,13509.9,10714,7056.2,4352.8
MA,Mastercard Inc.,107118.8,99304.7,99769.8,60547.3,47297.4,29335.6,33219.3,18471.7
MAC,Macerich,12775.5,13195.6,8287.8,8016.7,6686.9,6179.5,3475.2,1396.2
MAR,Marriott Int'l.,17218.4,22110.7,14549.5,11760.2,9775.6,15130.7,9734.7,6790
MAS,Masco Corp.,9522.2,8694,7958.1,5814.3,3646,4413.3,4839,3911.1
MAT,Mattel Inc.,9220.2,10464.2,16143.9,12535,9355.1,8877.6,7230.8,5736
MBI,MBIA Inc,,1831.1,2295.5,1536,2238.5,2395,814.6,846.2
MCD,McDonald's Corp.,108479.7,91189.2,96547.8,88560.8,102659.5,81097.5,67384.4,69313.6
MCHP,Microchip Technology,9453.3,9087.1,8910.5,6366.2,7034.9,6441.9,5352,3555.4
MCK,McKesson Corp.,45384.4,48158.6,37283.4,22009.9,18308.9,17735.8,16937.5,10495.8
MCO,Moody's Corp,19837.2,19580,16789.4,11234,7491.8,6125.1,6347.8,4724.1
MDLZ,Mondelez Int'l,71258.2,60440.1,60200.5,45250,66048.6,55081.6,40168.9,39450.7
MDP,Meredith Corp.,,2415.9,2308.5,1533.3,1471.1,1573.6,1390.3,778.5
MDT,Medtronic Inc.,108161.5,71478,57390,41430.2,40162.5,39686.3,48817.8,35190.4
MEE,Massey Energy Co.,,,,,,5479,3593.7,1174
MER,Merrill Lynch,,,,,,,,18620.9
MET,MetLife Inc.,53591.5,61226,60499.9,35960.2,32987.1,43810.6,28945.8,27665.9
MFE,McAfee Inc.,,,,,,7209.5,6421.7,5307.7
MHFI,McGraw Hill Financial,26646.2,24202.6,21192.2,15252.9,12411.7,11200.5,10567.1,7291.1
MHK,Mohawk Industries,14001,11327.8,10822.9,6256.3,4116.5,3895.4,3259.8,2940.1
MHS,Medco Health Solutions,,,,,21659.2,25153.7,30324.8,20675.3
MI,Marshall & Iisley Corp.,,,,,,3658.4,2863.3,3619.3
MIL,Millipore Inc.,,,,,,,4029,2847
MJN,Mead Johnson,15563.7,20339.2,16919.5,13342.7,14000.3,12742.6,8936.7,
MKC,McCormick & Co.,9949.7,9540.1,9035.4,8417.7,6700.8,6193.1,4761.9,4145
MLM,Martin Marietta Materials,9033.5,7423.8,4623.3,4337.1,3448.2,4204.2,4059.1,4025.1
MMC,Marsh & McLennan,28925.4,30917.7,26441.3,18803.7,17048.8,14777.5,11695.2,12481.2
MMI,Motorola Mobility,,,,,11706,8570.8,,
MMM,3M Company,92751,104365.4,93028.7,63797.2,57280.6,61444.1,58745.9,39873.5
MNK,Mallinckrodt plc,8653.1,11509.6,3034.3,,,,,
MNST,Monster Beverage,30197.5,18172.7,11305.5,8759.6,8029,4651.9,3385.3,3028.7
MO,Altria Group Inc.,114131.1,97134.5,76529.7,63186.2,60617,51424.8,40752.4,31044.2
MOLX,Molex Inc.,,,6885.5,4823.5,4183.7,3957.7,3735.3,2571.1
MON,Monsanto Co.,43375.1,57776.8,61178.7,50644.9,37518.3,37360,44583.7,38548.7
MOS,The Mosaic Co.,9252,16778.2,20137.3,24114,21456.5,34100.3,26606.1,15380.1
MPC,Marathon Petroleum,27630.7,24731.2,27243.8,20979,11884.5,,,
MRK,Merck & Co.,147554.9,161178,146522.7,123910.4,114639.6,111079.1,113574.5,64073.8
MRO,Marathon Oil Corp.,8526.7,19095.8,24604.1,21676.6,20606.1,26291.3,22135,19398.2
MS,Morgan Stanley,61591.3,75947.2,61194,37749,29161.6,41165.4,40239.2,16803.5
MSFT,Microsoft Corp.,443169.4,382880.5,310503,223669.5,217824.4,234527.7,268559.3,172802.2
MSI,Motorola Solutions Inc.,12085.7,14744.2,17178.8,15373.2,14757.3,21351.7,17941.9,10084.9
MTB,M&T Bank Corp.,19381,16621.2,15194.7,12621.6,9594.6,10420.1,7907.9,6336.1
MTG,MGIC Investment,,3155.4,2850.7,537.4,750.4,2042.6,723.1,435.2
MTW,The Manitowoc Company,,2995.5,3118.3,2081.8,1212,1722.5,1303.2,1128.9
MU,Micron Technology,15374.3,37581.7,23011.5,6478.1,6212.6,7994.3,8974.1,2016.3
MUR,Murphy Oil,3862,8967.2,11899.4,11352.7,10798.1,14375.9,10358.4,8458.2
MWW,Monster Worldwide Inc.,,406.3,658.6,624.5,932.8,2861.9,2082.1,1434
MYL,Mylan Inc.,26593.2,21097.8,16127.6,10848.4,9156.5,9215,5648.5,3013.8
NAVI,Navient,4148.4,8681.5,11272.8,7753,6817.3,6634.2,5465.9,4160.3
NBL,Noble Energy Inc.,14112.3,17297.4,24672.3,18269.9,16793.9,15218.1,12461.2,8548.7
NBR,Nabors Industries Ltd.,,3756.9,5014.9,4196,4986.2,6695.3,6201.2,3406.4
NCC,National City Corp.,,,,,,,,3698.6
NDAQ,NASDAQ OMX Group,9553.7,8095.4,6740.4,4138.5,4253.8,4171.3,4189.7,4988.9
NE,Noble Corp.,,4101.1,9496.7,8801.1,7626.1,9023.9,10509.7,5785.3
NEE,NextEra Energy,47845.1,47086.5,37244.7,29336.6,25326.1,21880.6,21847.5,20580.7
NEM,Newmont Mining Corp.,9518.8,9424.9,11461.5,23067.8,29688.6,30268.3,23216.4,18507.8
NFLX,Netflix Inc.,48884.6,20638.7,21945.5,5146.8,3838.6,9273.8,2944,1759.4
NFX,Newfield Exploration Co.,5320.7,3724.4,3355.1,3623.7,5081.7,9680.5,6414.8,2608.5
NI,NiSource Inc.,6217.3,13406.3,10313.7,7722.9,6710.9,4913.4,4254.7,3008.7
NKE,"Nike, Inc.",84342,83073.6,69832.3,23109.4,44225.4,40873,32206,24689.1
NLSN,Nielsen Holdings,16965.1,38646.7,40750.3,13699.9,13625.1,,,
NOC,Northrop Grumman Corp.,34435.7,127345,101773.7,30266.1,26837.2,30996.9,27224.2,21803.9
NOV,National Oilwell Varco Inc.,12583.8,56617.9,70622.6,30611,31201.5,32178.8,21491.8,11831.4
NOVL,"Novell, Inc.",,,,,,2832.7,2022.9,1883.1
NRG,NRG Energy,3697.9,23284.8,25503.4,10296.2,8315.5,9349.8,11508.7,11294.1
NSC,Norfolk Southern Corp.,25256,94703,82433,27695.4,33436.4,30059.1,25552.2,22776.9
NSM,National Semiconductor,,,,,,6584.1,7487.3,4874.9
NTAP,NetApp,7755.9,35812.8,36532.3,15025.6,16644.8,26298.1,16748.9,6762.9
NTRS,Northern Trust Corp.,16668.6,58233.6,54958.3,22464.5,18200.5,26513.4,25542.5,25241
NUE,Nucor Corp.,12880.5,42379.2,47401.4,19329.5,18159.2,20967.7,22739.6,22365.4
NVDA,Nvidia Corp.,17732.5,17323.2,14225.8,5490.7,6360.5,7368.8,9105.6,3906.7
NWL,Newell Rubbermaid Co.,11778.3,32909.8,28780.1,9973.8,7411.4,8699,7316.7,4734.5
NVLS,Novellus Systems,,,,,18948.5,15465,11377.1,5973.8
NWS,News Corp Class B,2786.8,13029.1,15833,,,,,
NWSA,News Corporation,5097.4,13556.2,16001.8,,,,,
NYT,The New York Times Co.,,1987.5,2379.4,1267.6,1142.9,1432.3,1786.2,1054.1
NYX,NYSE Euronext,,,,7632.7,6733.8,7824.8,6578,7091.4
O,Realty Income Corporation,12892.7,10729.1,7745.4,5366.1,4657.5,4037.6,2702.1,2412.5
ODP,Office Depot Inc.,,4677.7,2807.5,937.5,603.1,1496.6,1772.1,819.1
OI,Owens-Illinois Inc.,2801.8,4431.7,5893.5,3487.5,3185.6,5026.1,5541.9,4568.2
OKE,"ONEOK, Inc.",5160.8,10372.4,12847.6,8761,8951.2,5925.1,4720.3,3053.1
OMC,Omnicom Group,18329,19111.8,19157.7,13089.5,12188.2,13075.9,12073.9,8272.5
OMX,OfficeMax Inc.,,,,848,391.2,1505.5,1073.9,580.5
ORCL,Oracle Corp.,155937.2,197479.8,172070.9,157746.8,128912.7,158140.7,122925.2,89468.7
ORLY,O'Reilly Automotive,24997.3,19570.8,13635.5,10101.2,10168,8520.8,5240.3,4144.6
OXY,Occidental Petroleum,51636.2,62507.3,76656.3,62068.2,76064.6,79714.7,66029.1,48584.5
PAYX,Paychex Inc.,19090.4,16766.5,16582.6,11311.6,10912.5,11179.7,11073.5,9482.3
PBCT,People's United Bank,5010.3,4556,4519.4,4005.1,4480.5,4903.5,5604.5,5971.3
PBG,Pepsi Bottling Group Inc.,,,,,,,8287.5,4749.6
PBI,Pitney-Bowes,4069.1,4899.1,4708.5,2137.4,3703.4,4919,4715.8,5253.5
PCAR,PACCAR Inc.,16753.8,24109.5,20963.9,15977.2,13369.3,20946.3,13202,10373
PCG,PG&E Corp.,26087.2,25337.6,18394.7,17306.2,16993.2,18907.7,16577.3,14026.5
PCL,Plum Creek Timber Co.,8307.9,7526.8,8232.3,7187.9,5897.1,6051.9,6147.3,5766.8
PCLN,Priceline.com Inc,63472.1,59214.5,60454.1,30939.5,23291,19636.3,9955.3,3018.2
PCP,Precision Castparts,31921.8,34149.1,39109.9,27741.1,23921.2,19969.8,15634.2,8323.3
PCS,MetroPCS,,,,3612.5,3140.9,4484.7,2691.2,5211.1
PDCO,Patterson Companies,4495.2,4959.1,4326,3645.5,3276.7,3764.4,3435.9,2286.5
PEG,Public Serv. Enterprise Inc.,19575.7,20946.7,16207.7,15480.3,16701.3,16095.1,16824.2,14760.5
PEP,PepsiCo Inc.,145568.6,140705.3,126815.3,105655.9,103771.4,103286.7,95152,85057.8
PETM,"PetSmart, Inc.",,8081.9,7322.9,7198.3,5647.8,4598.9,3224,2349.8
PFE,Pfizer Inc.,199280.7,196265.5,198515.2,184653.4,166346,140254.2,146784.9,119417.4
PFG,Principal Financial Group,13167.9,15265.2,14556.3,8379.2,7407.1,10432.2,7668.8,5852.4
PG,Procter & Gamble,216040.7,246136,221291.2,185626.9,183540.6,180072.1,177144.7,184576.3
PGN,Progress Energy Inc.,,,,,16526.2,12736.9,11467.5,10484
PGR,Progressive Corp.,18577.6,15864.7,16247.5,12757.1,11959.6,13161.9,12100.1,10019
PH,Parker-Hannifin,13187.3,18369.6,19184,12687.4,11506.4,13970.4,8663.9,6834.8
PHM,PulteGroup Inc,6221.6,7928.6,7767.1,7020.8,2414.3,2872.9,3806.9,2821.8
PKI,PerkinElmer,5996.3,4918.8,4643.6,3651.2,2263.1,2987.8,2409.5,1629
PLD,Prologis,22503.4,21923.7,18430.6,16850,13111.3,8231.9,6491.3,3708.7
PLL,Pall Corp.,,11117.6,9541.1,6881,6572,5724.9,4230.9,3390
PM,Philip Morris Int'l,136198.6,125995,138449.7,138308.2,135449.3,105458.4,90942.5,87336
PNC,PNC Financial SVCS Group Inc,48399,47713.3,41350.1,30787.7,30392.1,31938.7,24389,21707
PNR,Pentair Ltd.,8928,12117.8,15328.6,10131.6,3283.2,3592.9,3186.6,2326.2
PNW,Pinnacle West Capital,7147.6,7553.1,5830.8,5594.7,5263.5,4508.5,3710.5,3241.5
POM,Pepco Holdings Inc.,6596.6,6806,4788.7,4510.6,4618.3,4107.7,3745.2,3887.8
PPG,PPG Industries,26609.2,31432.2,26295.6,20785.2,12681.2,13483.3,9698.2,6967
PPL,PPL Corp.,22928.3,24190.3,18966.4,16661.1,17016.7,12722.9,12186.8,11495.9
PRGO,Perrigo,21184.4,23536.1,20517.6,9776.7,9076.8,5845.2,3628,2976.7
PRU,Prudential Financial,36553.1,41144.2,42702.9,24800.2,23558.4,28403.8,22994.6,12749.1
PSA,Public Storage,42890.7,31876.6,25855.7,24844.4,22890.3,17165.6,13717.3,13378.9
PSX,Phillips 66,43635.4,39175.6,45520.6,33110.3,,,,
PTV,Pactiv LLC,,,,,,,3194.5,3272
PVH,PVH Corp.,6035.3,10575.7,11176.4,8093.9,4796.7,4225.8,2111.4,1036.4
PWR,Quanta Services Inc.,3235.1,6031.9,6702.1,6026,4442.1,4206.5,4359.1,3891.9
PX,Praxair Inc.,29168.2,37476.8,38246.2,32422.3,31912.9,29022.4,24613.2,18215.3
PXD,Pioneer Natural Resources,18729,22178.7,26253.5,13148.5,10903.7,10011,5509.4,1853.4
PYPL,PayPal Holdings Inc.,44225.2,,,,,,,
Q,Qwest Communications,,,,,,13426.4,7280.1,6212.6
QCOM,"Qualcomm, Inc.",75132.2,122941.8,125259.8,106151.8,92278.9,80866.7,77439.2,59083.7
QEP,QEP Resources,,3546.6,5483.3,5400.2,5180.2,6386.9,,
QLGC,QLogic Corp.,,1161.8,1031.2,875.3,1481.7,1782.3,2119.2,1606.5
QRVO,Qorvo,7194.3,,,,,,,
R,Ryder System,3036.1,4924.8,3935.1,2565,2717.8,2693.9,2199.3,2158.4
RAI,Reynolds American Inc.,65953,34145.6,26897.3,22908.3,23863.5,19018.9,15436.7,11748.4
RCL,Royal Caribbean Cruises,22265.7,18076.7,10454.8,7438.2,5376.5,10147.4,5408.6,2926.3
RDC,Rowan Companies plc,,2904.8,4393,3884.1,3748.2,4408.9,2577.2,1797.3
REGN,Regeneron,55454.7,42021.9,27437.8,16643.9,5144,2935.7,1961.1,1466.8
RF,Regions Financial Corp.,12532.5,14297.6,13625.7,10077.1,5412.9,8793.7,6308.9,5503.3
RHI,Robert Half International,6254.8,7889.1,5772.2,4436.9,4043.8,4473.2,3973.3,3142.6
RHT,Red Hat Inc.,15137.9,12678.4,10621,10246.6,8016.5,8806.2,5819.3,2512.7
RIG,Transocean,4503.1,6640.6,17829,16055.5,13429.1,22179.3,26597.3,15085.1
RL,Polo Ralph Lauren Corp.,6556.5,16164.5,15820.7,13597.7,12744.8,10670.5,7984.6,4500.1
ROH,Rohm and Haas Co.,,,,,,,,12063.5
ROK,Rockwell Automation Inc.,13522.9,15061.4,16400.6,11742.1,10447.4,10211.5,6699.3,4571
ROP,Roper Industries,19131.8,15659.7,13772.3,10968.5,8381,7235.7,4898.7,3894.4
ROST,Ross Stores,21793.3,19556.1,15991.6,11938.8,10782.8,7467.5,5250.3,3786
RRC,Range Resources Corp.,4168.2,9013.2,13771.4,10210.8,9980.5,7192.7,7882.2,5343.3
RRD,R.R. Donnelley,,3358.6,3686.9,1621.8,2575.8,3609.3,4580.9,2794.8
RSG,Republic Services Inc.,15275,14196.2,11965.3,10591.1,10190.7,11457.3,10780.4,9383
RSH,RadioShack Corp.,,,260.4,211.1,969.4,2104.6,2441.3,1493.4
RTN,Raytheon Co.,37495.7,33240.6,28525.2,18885.4,16396,16654.6,19469.4,20421.1
RX,IMS Health Inc.,,,,,,,3846.8,2757.2
S,Sprint Corp,,16458.9,42290.5,17066.7,7010.6,12639.2,10881.2,5228.3
SAF,Safeco Corp.,,,,,,,,
SBUX,Starbucks Corp.,89132.5,61570.3,59302,40163.5,34627.1,24058.9,17214.3,6981.5
SCG,SCANA Corp.,8645,8619.1,6617.1,6024.5,5857.8,5156.2,4634.6,4200.8
SCHW,Charles Schwab Corp.,43353.1,39570.7,33719,18345.3,14313.3,20572.8,21870.9,18710.3
SE,Spectra Energy Corp.,16073.6,24357.3,23865.4,18289.8,20018.3,16218.5,13270,9617.1
SEE,Sealed Air Corp.,8805.1,8932.9,6680.6,3406.7,3305.4,4054.3,3474.4,2358.8
SGP,Schering-Plough Corp.,,,,,,,,27690.8
SHLD,Sears Holding Corporation,,3528.9,5198.2,4384.2,3368.7,8038.8,9596.8,4742.1
SHW,Sherwin-Williams Co.,24169,24910.9,18373.7,15885,9271,8963,6746.8,6992.8
SIAL,Sigma-Aldrich Corp.,,16335.1,11187.2,8829.6,7557.7,8120.3,6151.9,5157.5
SIG,Signet Jewelers Limited,9837.3,10565.1,6311.7,4346.8,3820.1,3741.1,2284.6,739.4
SII,Smith International Inc.,,,,,,,6744.5,5015.4
SJM,J.M. Smucker Co.,14760.7,10276,10832.8,9355.6,8853.2,7613.8,7355.8,5134.9
SLB,Schlumberger Ltd.,87962,108924.4,117803.5,92048.1,91110.2,113657.8,77782.6,50546.3
SLG,SL Green Realty Corp,11269.9,11583.6,8775.5,6994.3,5716.6,5286.4,3894.4,1477.4
SLM,SLM Corp.,,4312.1,11274.1,7759.9,6820.6,6113.6,5348.6,4158.8
SNA,Snap-On Inc.,9950.8,7946.4,6364.9,4601.6,2947.3,3291.9,2440.3,2262.1
SNDK,SanDisk Corporation,15253.2,21138.5,15892,10502.3,11936,11792,6628.8,2170.8
SNI,Scripps Networks Int.,5223.7,9943.7,12633.9,8623.5,6666.1,8675.7,6879.9,3602.5
SO,Southern Co.,42529.3,44580.9,36468.1,37149.1,40046.6,32240.9,27310.6,28756.1
SOV,Sovereign Bancorp.,,,,,,,,1978.6
SPG,Simon Property Group Inc.,60163.2,56597.6,47262.3,48992.7,37889.9,29146.8,22802.8,12290
SPLS,Staples Inc.,6095.1,11602.6,10373.9,7628.7,9663.9,16415.2,17917.9,12823.7
SRCL,Stericycle Inc.,10249.2,11126.6,9932.5,8021,6599.5,6897.8,4673.7,4440
SRE,Sempra Energy,23334.2,27431.4,21942.8,17193.7,13196.4,12618.7,13799.5,10372.9
SSP,E.W. Scripps Co.,,1273.9,1216.9,600.2,434.8,592.1,380.5,118.9
STI,SunTrust Banks,21831.8,21978.2,19733.7,15279.5,9504.3,14767.9,10127.9,10472.4
STJ,"St. Jude Medical, Inc.",17459.9,18641.5,17910.8,10684.7,10962.8,14065.5,11936.5,11382.1
STR,Questar Corp.,,4434.1,4025.5,3458,3533.1,3072.9,7258.1,5675
STT,State Street Corp.,26775.3,32592.8,31860.7,21561.7,19648.1,23246.2,21549.4,16973.2
STX,Seagate Technology,10962.5,21867.5,18447.1,10875.3,7623.7,6806.2,9076.8,2161.8
STZ,Constellation Brands,24663.2,18985.4,13373.3,6496.5,4131.7,4631.7,3534.5,3449.3
SUN,Sunoco Inc.,,,,,4381.4,4861.2,3052.3,5079.5
SUNE,SunEdison Inc,,5308.7,3483,742.5,909.4,2566.2,3097.2,3205.9
SWK,Stanley Black & Decker,15980.3,15096.6,12545.6,11831.6,11427.6,11123.6,4145.5,2689.7
SWKS,Skyworks Solutions Inc.,14686.1,13873.1,5389.3,3896,3048,5295.6,2484.5,918.7
SWN,Southwestern Energy,2733.6,9673.7,13880.7,11728.1,11145.8,13009.8,16671.3,9948.3
SVU,Supervalu Inc.,,2522,1866.2,526.1,1721.4,2041.6,2694.5,3095.2
SWY,Safeway Inc.,,8095.2,7494.4,4332.6,6240.5,8276.3,8266.9,10195
SYF,Synchrony Financial,25356.6,24804.5,,,,,,
SYK,Stryker Corp.,34945.4,35656.7,28402.9,20831.6,18939.5,21002.1,20042.2,15836.2
SYMC,Symantec Corp.,14186,17509.9,16306.8,12970.5,11415.8,12776.8,14423.6,11099.7
SYY,Sysco Corp.,23145.1,23459.4,21092.7,18532.3,17123.5,17093.5,16542.5,13567.4
T,AT&T Inc.,211690.3,174231.3,185222.9,191472.8,179202.2,173635.8,165405,167950.5
TAP,Molson Coors Brewing Co.,16817.3,13823.5,10342.8,7766.4,7837.2,9375.5,8372.7,8996.4
TDC,Teradata Corp.,3513.9,6460.3,7246.6,10255.2,8115.7,6919,5302.2,2574.5
TE,TECO Energy,6268.9,4813.1,3746.3,3630.2,4130.4,3825.2,3469.5,2629.3
TEG,Integrys Energy Group Inc.,,6225.1,4342.3,4088.2,4241.6,3763.5,3208.9,3284.7
TEL,TE Connectivity Ltd.,24959.2,25738.4,22633.7,15590.5,13116.7,15759,11269.6,7424.2
TER,Teradyne,,4286.8,3378.3,3173.8,2502.3,2555.8,1876.8,715.9
TEX,Terex Corp.,,2938.6,4614.7,3089.3,1469.9,3355.4,2125.6,1628.1
TGNA,TEGNA Inc,5657.6,7239.8,6731.5,4143.1,3169.2,3614.2,3521.8,1825
TGT,Target Corp.,44731.5,48598.6,40045.5,38182.4,34281.2,42333.8,36018.4,25991.1
THC,Tenet Healthcare Corp.,3020,4985,4079.7,3397.4,2129.1,3249.9,2593.3,548.7
TIE,Titanium Metals,,,,,2624.5,3095.8,2248.6,1595.5
TIF,Tiffany & Co.,9781.3,13819.8,11904.8,7278.4,8393.6,7906.4,5432,2926.4
TJX,TJX Companies Inc.,47476.3,46959,44930.7,30729.6,24099.8,17296.9,14963.1,8491.7
TLAB,Tellabs Inc.,,,,838,1474.6,2457.8,2182.7,1630.2
TMK,Torchmark Corp.,7049.5,6930,6994.5,4869.2,4364.1,4734,3640.9,3786.4
TMO,Thermo Fisher Scientific,56612.1,50174.9,40304.4,22797.8,16701.1,21666.2,19520,14240.1
TRIP,TripAdvisor,11200.7,10670.5,11779.8,5988.7,3364.6,,,
TROW,T. Rowe Price Group,17950.8,22418.9,21953.9,16737,14423.8,16700.4,13766.9,9103
TRV,The Travelers Companies,34334.2,35078.7,32962.7,27395.7,24423.8,25654.5,27242.2,26420.4
TSCO,Tractor Supply Co.,11485.6,10749.6,10834.4,6141.4,4999.2,3528.9,1910.9,1303.3
TSN,Tyson Foods,15681.7,15017.1,11386,6878,7615.6,6500.6,4620.8,3310.4
TSO,Tesoro Petroleum Co.,12685.5,9290.8,7710.6,6086,3269.6,2654.6,1902.8,1822.4
TSS,Total System Services,9162.7,6280.5,6247.2,4006.2,3697.4,2991.8,3405.3,2753.8
TT,Trane Inc.,,,,,,,,
TWC,Time Warner Cable Inc.,52558.7,42698.4,37655.5,28933.5,20024.6,22998.2,14590,20956.7
TWX,Time Warner Inc.,51702.4,71623.5,63077.2,45288.2,36171.9,35686.1,34023.2,36089.8
TXN,Texas Instruments,55599.9,56480.4,47545.9,34231.6,33262.5,38160.1,32649.9,20120.5
TXT,Textron Inc.,11496.9,11646.9,10368.5,6724.6,5156.4,6518.5,5121.4,3357.1
TYC,Tyco Int'l,13481.7,18413.7,18884.4,13611.2,21610.9,19811.3,16953.1,10223.3
UA,Under Armour,14519.2,14523.5,9237.6,5084.1,3714.8,2805.6,1370.3,1175.5
UAL,United Continental Holdings,21362,25052,13705.2,7773.2,6244.2,7811.1,,
UHS,Universal Health Services,10896.3,10983.1,7988.8,4718.5,3754.2,4231.3,2955.9,1857.6
UIS,Unisys Corp.,,1465.2,1477.1,760.9,856.2,1102.9,1631.1,314.4
UNH,United Health Group Inc.,112123.6,96439.9,74396.4,55270.6,52656.5,39215.5,34960.6,31946.6
UNM,Unum Group,8104.4,8800.6,9121.4,5625.7,6167.5,7667.4,6476.9,6158.8
UNP,Union Pacific,66792.3,105235.4,76608.2,59021.1,50843.8,45548.5,32272.1,24054.2
UPS,United Parcel Service,66989.8,100608.9,96988.8,70264.7,70482,71926.8,57025.8,54939.4
URBN,Urban Outfitters,2669.1,4584.6,5465.2,5747.2,3986.1,5887.6,5897.8,2512.3
URI,"United Rentals, Inc.",6733.7,9984.5,7271.9,4232.6,1858,1379.1,590.2,546.2
USB,U.S. Bancorp,74637.4,80274.7,73719.9,59709.7,51660.7,51809.4,43060.3,43893.4
UST,UST Inc.,,,,,,,,10295.6
UTX,United Technologies,85216.1,104578.1,104318.9,75354.8,66308.9,72522.3,65019.3,50595.2
V,Visa Inc.,150946.6,129393.9,112642.7,80510,52957.2,34964.7,41018.1,23548.9
WAMUQ,Washington Mutual Inc.,,,,,,,,
VAR,Varian Medical Systems,7756.5,8679.3,8182,7678.8,7571.2,8306.3,5826.1,4355.9
WAT,Waters Corp.,10990.3,9372.3,8481.9,7526.3,6590.2,7137.5,5831.6,3587.7
WB,Wachovia Corp.,,,,,,,,11972.2
WBA,Walgreens Boots Alliance,92716.3,72057.8,54577.8,34978.3,28878,36067.8,36271.5,24399.4
WDC,Western Digital,13914.5,25682.4,19884.3,10240.1,7273.3,7864.8,10066.2,2564.8
WEC,WEC Energy Group Inc,16197.7,11893.8,9341.3,8440.1,8057.8,6879.9,5825.5,4908.2
WEN,Wendy's International Inc.,,,,,,,,
VFC,V.F. Corp.,26537.7,32421.2,27448.9,16637.6,14039.6,9302.1,8077.3,6016.4
WFC,Wells Fargo,277660.7,283438.5,238675.2,180002.6,145037.6,163078.2,139771.1,124660
WFM,Whole Foods Market,11432.5,18166.3,21507,16901.1,12547.8,8780.7,4676.3,1325.4
WFT,Weatherford Int'l Ltd.,,8862.3,11880.8,8515.6,10965.4,16776.4,13068,7447.6
WHR,Whirlpool Corp.,11484.4,15111.7,12078.2,8038.3,3606.2,6751.1,6049.5,3040.7
VIAB,Viacom Inc.,14323.7,30649.3,38385.9,26174.9,24657.6,23702.6,18058,11565.6
VIAV,VIAVI Solutions Inc,,3181,3026.7,3124.8,2401.2,3139.8,1763.3,766.6
WIN,Windstream Comm's,,4967.9,4757.7,4870.3,6883.2,7029.9,4800.4,4042.5
VLO,Valero Energy,34047.1,25457.8,26992.7,18837.5,11720.9,13141.1,9458.8,11170.8
WM,Waste Management Inc.,23829.4,23500.5,21052.4,15652,15057.4,17542.8,16555.1,16257.5
WMB,Williams Companies,19269,33570.2,26343.3,22295.9,19514.8,14461.2,12289.6,8369.4
VMC,Vulcan Materials,12661.3,8670.2,7736.5,6752,5085.8,5703.4,6631.8,7672.6
WMT,Wal-Mart Stores,196276,276807.6,254622.9,228245.6,204659.9,192098.3,203653.7,219898.3
VNO,Vornado Realty Trust,18846.6,22116.2,16629,14953.7,14225.2,15304.6,12674.1,9371.5
WPX,WPX Energy Inc,,2369,4096.4,2965.6,3579.5,,,
WRK,WestRock Co,11729.5,7400.6,6569.1,5570.9,5113.7,4401.6,4899.7,1911.4
VRSK,Verisk Analytics Inc,13025.6,10114.3,11005.3,8549,6592.8,5795.8,5452,
VRSN,Verisign Inc.,9741.3,6751.8,7994,5954.7,5694.6,5643.3,4443.2,3654.7
VRTX,Vertex Pharmaceuticals Inc.,30918.6,28721.6,17370.5,9104.3,6951,7129.4,8568.1,4594.8
VTR,Ventas Inc.,18790.2,21400.4,16851.1,18889.6,15922,8253.3,6850.2,4810.1
WU,Western Union Co.,9049.6,9340.1,9466.8,7786.3,11310.2,12144.8,12940.5,10175.7
WWY,Wrigley Co.,,,,,,,,
WY,Weyerhaeuser Corp.,15304.2,18823.4,18422.6,15089.4,10015.1,10146,9118,6467.6
WYE,Wyeth Corp.,,,,,,,,49946.6
WYN,Wyndham Worldwide,8435.1,10381.8,9459.7,7305.1,5563.2,5194.7,3602.5,1161.7
WYNN,Wynn Resorts Ltd.,7027.6,15090.1,19652.5,11346.5,13820.2,12938.5,7179.4,4733.7
VZ,Verizon Communications,188063.3,194369.2,140638.7,123690.3,113700.7,101150.9,93945.7,96293.6
X,U.S. Steel Corp.,,3894.8,4268.1,3441.1,3810.3,8393.4,7901.5,4322.6
XEC,Cimarex Energy,8451.8,9284.9,9143.1,4999.2,5309.4,7545.9,4425.2,2229.7
XEL,Xcel Energy Inc.,18224.2,18165.9,13913.3,13033.4,13446.7,11359,9708.3,8417.8
XL,XL Capital,11666.2,8770.6,8859.6,7485,6240.3,6903.8,6271,1224
XLNX,Xilinx Inc.,12070.1,11303,12237.7,9366.6,8383.7,7534.8,6929.1,4884.5
XOM,Exxon Mobil Corp.,324501.1,391482.2,442093.6,394611.1,406272.3,368711.8,322668.1,406067.2
XRAY,Dentsply Int'l,8521.1,7502.8,6895.8,5637.4,4955.7,4843.1,5168.6,4194.4
XRX,Xerox Corp.,10761.8,15478.1,14461.9,8346.1,10645.2,16100.1,7355,6892.3
XTO,XTO Energy Inc.,,,,,,,27127.7,20440.1
XYL,Xylem Inc.,6546.9,6940.2,6387.2,5032.5,4742.4,,,
YHOO,Yahoo Inc.,31409.2,47319.7,41019.8,22193.1,19194.8,21765.9,23593.9,16977
YUM,Yum! Brands Inc.,31502.2,31616.9,33495.2,29946.4,27144.6,23004.5,16400.9,14458.5
ZBH,Zimmer Biomet Holdings,20905.8,19247.4,15823.7,11438.9,9508.8,10499.8,12070.3,9037.9
ZION,Zions Bancorp,5576.8,5788,5533,3941.9,2997.7,4428.9,1930,2827.1
ZTS,"Zoetis, Inc.",23860.3,21572.1,16345,,,,,